-- Seed data for SubScrub demo account
-- All data is for user_id = 'demo'
-- Transactions are inserted in chronological order; IDs are auto-generated sequentially.

-- ── TRANSACTIONS ─────────────────────────────────────────────────────────────
INSERT INTO transactions (user_id, date, amount, merchant, description, channel, currency) VALUES
('demo','2024-01-01',149.00,'GOOGLE*YOUTUBE PREM','RECURRING CHARGE - GOOGLE*YOUTUBE PREM','CARD','INR'),
('demo','2024-01-02',999.00,'FITLIFE GYM DD','DIRECT DEBIT - FITLIFE GYM DD','DIRECT_DEBIT','INR'),
('demo','2024-01-06',119.00,'SPOTIFY PREMIUM','RECURRING CHARGE - SPOTIFY PREMIUM','CARD','INR'),
('demo','2024-01-08',1499.00,'AMAZON PRIME*MEMBER','UPI AUTOPAY - AMAZON PRIME*MEMBER','UPI','INR'),
('demo','2024-01-13',499.00,'NETFLIX.COM/BILL','RECURRING CHARGE - NETFLIX.COM/BILL','CARD','INR'),
('demo','2024-01-18',199.00,'AUDIBLE.IN*MEMBER','RECURRING CHARGE - AUDIBLE.IN*MEMBER','CARD','INR'),
('demo','2024-01-20',299.00,'HOTSTAR*PREMIUM','RECURRING CHARGE - HOTSTAR*PREMIUM','CARD','INR'),
('demo','2024-01-26',75.00,'APPLE.COM/BILL','RECURRING CHARGE - APPLE.COM/BILL','CARD','INR'),
('demo','2024-02-02',999.00,'FITLIFE GYM DD','DIRECT DEBIT - FITLIFE GYM DD','DIRECT_DEBIT','INR'),
('demo','2024-02-02',726.57,'BIGBASKET ORDER','UPI AUTOPAY - BIGBASKET ORDER','UPI','INR'),
('demo','2024-02-05',149.00,'GOOGLE*YOUTUBE PREM','RECURRING CHARGE - GOOGLE*YOUTUBE PREM','CARD','INR'),
('demo','2024-02-07',119.00,'SPOTIFY PREMIUM','RECURRING CHARGE - SPOTIFY PREMIUM','CARD','INR'),
('demo','2024-02-13',499.00,'NETFLIX.COM/BILL','RECURRING CHARGE - NETFLIX.COM/BILL','CARD','INR'),
('demo','2024-02-17',199.00,'AUDIBLE.IN*MEMBER','RECURRING CHARGE - AUDIBLE.IN*MEMBER','CARD','INR'),
('demo','2024-02-22',299.00,'HOTSTAR*PREMIUM','RECURRING CHARGE - HOTSTAR*PREMIUM','CARD','INR'),
('demo','2024-02-25',3523.43,'IRCTC WEB BOOKING','RECURRING CHARGE - IRCTC WEB BOOKING','CARD','INR'),
('demo','2024-02-27',75.00,'APPLE.COM/BILL','RECURRING CHARGE - APPLE.COM/BILL','CARD','INR'),
('demo','2024-03-01',999.00,'FITLIFE GYM DD','DIRECT DEBIT - FITLIFE GYM DD','DIRECT_DEBIT','INR'),
('demo','2024-03-02',149.00,'GOOGLE*YOUTUBE PREM','RECURRING CHARGE - GOOGLE*YOUTUBE PREM','CARD','INR'),
('demo','2024-03-05',119.00,'SPOTIFY PREMIUM','RECURRING CHARGE - SPOTIFY PREMIUM','CARD','INR'),
('demo','2024-03-15',499.00,'NETFLIX.COM/BILL','RECURRING CHARGE - NETFLIX.COM/BILL','CARD','INR'),
('demo','2024-03-20',299.00,'HOTSTAR*PREMIUM','RECURRING CHARGE - HOTSTAR*PREMIUM','CARD','INR'),
('demo','2024-03-20',199.00,'AUDIBLE.IN*MEMBER','RECURRING CHARGE - AUDIBLE.IN*MEMBER','CARD','INR'),
('demo','2024-03-23',75.00,'APPLE.COM/BILL','RECURRING CHARGE - APPLE.COM/BILL','CARD','INR'),
('demo','2024-04-01',999.00,'FITLIFE GYM DD','DIRECT DEBIT - FITLIFE GYM DD','DIRECT_DEBIT','INR'),
('demo','2024-04-03',119.00,'SPOTIFY PREMIUM','RECURRING CHARGE - SPOTIFY PREMIUM','CARD','INR'),
('demo','2024-04-05',149.00,'GOOGLE*YOUTUBE PREM','RECURRING CHARGE - GOOGLE*YOUTUBE PREM','CARD','INR'),
('demo','2024-04-09',230.44,'ZOMATO*ORDER','UPI AUTOPAY - ZOMATO*ORDER','UPI','INR'),
('demo','2024-04-14',499.00,'NETFLIX.COM/BILL','RECURRING CHARGE - NETFLIX.COM/BILL','CARD','INR'),
('demo','2024-04-14',17999.00,'LINKEDIN*PREMIUM','RECURRING CHARGE - LINKEDIN*PREMIUM','CARD','INR'),
('demo','2024-04-20',199.00,'AUDIBLE.IN*MEMBER','RECURRING CHARGE - AUDIBLE.IN*MEMBER','CARD','INR'),
('demo','2024-04-22',299.00,'HOTSTAR*PREMIUM','RECURRING CHARGE - HOTSTAR*PREMIUM','CARD','INR'),
('demo','2024-04-26',75.00,'APPLE.COM/BILL','RECURRING CHARGE - APPLE.COM/BILL','CARD','INR'),
('demo','2024-05-01',999.00,'FITLIFE GYM DD','DIRECT DEBIT - FITLIFE GYM DD','DIRECT_DEBIT','INR'),
('demo','2024-05-02',149.00,'GOOGLE*YOUTUBE PREM','RECURRING CHARGE - GOOGLE*YOUTUBE PREM','CARD','INR'),
('demo','2024-05-04',119.00,'SPOTIFY PREMIUM','RECURRING CHARGE - SPOTIFY PREMIUM','CARD','INR'),
('demo','2024-05-14',499.00,'NETFLIX.COM/BILL','RECURRING CHARGE - NETFLIX.COM/BILL','CARD','INR'),
('demo','2024-05-16',199.00,'AUDIBLE.IN*MEMBER','RECURRING CHARGE - AUDIBLE.IN*MEMBER','CARD','INR'),
('demo','2024-05-19',299.00,'HOTSTAR*PREMIUM','RECURRING CHARGE - HOTSTAR*PREMIUM','CARD','INR'),
('demo','2024-05-26',75.00,'APPLE.COM/BILL','RECURRING CHARGE - APPLE.COM/BILL','CARD','INR'),
('demo','2024-06-01',999.00,'FITLIFE GYM DD','DIRECT DEBIT - FITLIFE GYM DD','DIRECT_DEBIT','INR'),
('demo','2024-06-02',149.00,'GOOGLE*YOUTUBE PREM','RECURRING CHARGE - GOOGLE*YOUTUBE PREM','CARD','INR'),
('demo','2024-06-06',119.00,'SPOTIFY PREMIUM','RECURRING CHARGE - SPOTIFY PREMIUM','CARD','INR'),
('demo','2024-06-14',499.00,'NETFLIX.COM/BILL','RECURRING CHARGE - NETFLIX.COM/BILL','CARD','INR'),
('demo','2024-06-18',299.00,'HOTSTAR*PREMIUM','RECURRING CHARGE - HOTSTAR*PREMIUM','CARD','INR'),
('demo','2024-06-20',199.00,'AUDIBLE.IN*MEMBER','RECURRING CHARGE - AUDIBLE.IN*MEMBER','CARD','INR'),
('demo','2024-06-27',75.00,'APPLE.COM/BILL','RECURRING CHARGE - APPLE.COM/BILL','CARD','INR'),
('demo','2024-07-03',999.00,'FITLIFE GYM DD','DIRECT DEBIT - FITLIFE GYM DD','DIRECT_DEBIT','INR'),
('demo','2024-07-04',149.00,'GOOGLE*YOUTUBE PREM','RECURRING CHARGE - GOOGLE*YOUTUBE PREM','CARD','INR'),
('demo','2024-07-05',119.00,'SPOTIFY PREMIUM','RECURRING CHARGE - SPOTIFY PREMIUM','CARD','INR'),
('demo','2024-07-13',499.00,'NETFLIX.COM/BILL','RECURRING CHARGE - NETFLIX.COM/BILL','CARD','INR'),
('demo','2024-07-13',311.63,'SWIGGY*DELIVERY','UPI AUTOPAY - SWIGGY*DELIVERY','UPI','INR'),
('demo','2024-07-18',299.00,'HOTSTAR*PREMIUM','RECURRING CHARGE - HOTSTAR*PREMIUM','CARD','INR'),
('demo','2024-07-18',199.00,'AUDIBLE.IN*MEMBER','RECURRING CHARGE - AUDIBLE.IN*MEMBER','CARD','INR'),
('demo','2024-07-26',75.00,'APPLE.COM/BILL','RECURRING CHARGE - APPLE.COM/BILL','CARD','INR'),
('demo','2024-08-03',999.00,'FITLIFE GYM DD','DIRECT DEBIT - FITLIFE GYM DD','DIRECT_DEBIT','INR'),
('demo','2024-08-04',149.00,'GOOGLE*YOUTUBE PREM','RECURRING CHARGE - GOOGLE*YOUTUBE PREM','CARD','INR'),
('demo','2024-08-04',692.39,'PHARMEASY ORDER','UPI AUTOPAY - PHARMEASY ORDER','UPI','INR'),
('demo','2024-08-05',119.00,'SPOTIFY PREMIUM','RECURRING CHARGE - SPOTIFY PREMIUM','CARD','INR'),
('demo','2024-08-07',434.49,'UBER INDIA','UPI AUTOPAY - UBER INDIA','UPI','INR'),
('demo','2024-08-13',269.03,'PAYTM MOVIE','UPI AUTOPAY - PAYTM MOVIE','UPI','INR'),
('demo','2024-08-17',499.00,'NETFLIX.COM/BILL','RECURRING CHARGE - NETFLIX.COM/BILL','CARD','INR'),
('demo','2024-08-18',923.51,'IRCTC WEB BOOKING','RECURRING CHARGE - IRCTC WEB BOOKING','CARD','INR'),
('demo','2024-08-19',299.00,'HOTSTAR*PREMIUM','RECURRING CHARGE - HOTSTAR*PREMIUM','CARD','INR'),
('demo','2024-08-19',199.00,'AUDIBLE.IN*MEMBER','RECURRING CHARGE - AUDIBLE.IN*MEMBER','CARD','INR'),
('demo','2024-08-27',75.00,'APPLE.COM/BILL','RECURRING CHARGE - APPLE.COM/BILL','CARD','INR'),
('demo','2024-08-31',619.66,'DMART RETAIL','RECURRING CHARGE - DMart RETAIL','CARD','INR'),
('demo','2024-09-01',999.00,'FITLIFE GYM DD','DIRECT DEBIT - FITLIFE GYM DD','DIRECT_DEBIT','INR'),
('demo','2024-09-03',149.00,'GOOGLE*YOUTUBE PREM','RECURRING CHARGE - GOOGLE*YOUTUBE PREM','CARD','INR'),
('demo','2024-09-04',119.00,'SPOTIFY PREMIUM','RECURRING CHARGE - SPOTIFY PREMIUM','CARD','INR'),
('demo','2024-09-13',499.00,'NETFLIX.COM/BILL','RECURRING CHARGE - NETFLIX.COM/BILL','CARD','INR'),
('demo','2024-09-16',199.00,'AUDIBLE.IN*MEMBER','RECURRING CHARGE - AUDIBLE.IN*MEMBER','CARD','INR'),
('demo','2024-09-20',299.00,'HOTSTAR*PREMIUM','RECURRING CHARGE - HOTSTAR*PREMIUM','CARD','INR'),
('demo','2024-09-25',75.00,'APPLE.COM/BILL','RECURRING CHARGE - APPLE.COM/BILL','CARD','INR'),
('demo','2024-10-03',999.00,'FITLIFE GYM DD','DIRECT DEBIT - FITLIFE GYM DD','DIRECT_DEBIT','INR'),
('demo','2024-10-04',119.00,'SPOTIFY PREMIUM','RECURRING CHARGE - SPOTIFY PREMIUM','CARD','INR'),
('demo','2024-10-05',149.00,'GOOGLE*YOUTUBE PREM','RECURRING CHARGE - GOOGLE*YOUTUBE PREM','CARD','INR'),
('demo','2024-10-16',199.00,'AUDIBLE.IN*MEMBER','RECURRING CHARGE - AUDIBLE.IN*MEMBER','CARD','INR'),
('demo','2024-10-17',499.00,'NETFLIX.COM/BILL','RECURRING CHARGE - NETFLIX.COM/BILL','CARD','INR'),
('demo','2024-10-18',299.00,'HOTSTAR*PREMIUM','RECURRING CHARGE - HOTSTAR*PREMIUM','CARD','INR'),
('demo','2024-10-27',75.00,'APPLE.COM/BILL','RECURRING CHARGE - APPLE.COM/BILL','CARD','INR'),
('demo','2024-11-02',149.00,'GOOGLE*YOUTUBE PREM','RECURRING CHARGE - GOOGLE*YOUTUBE PREM','CARD','INR'),
('demo','2024-11-02',999.00,'FITLIFE GYM DD','DIRECT DEBIT - FITLIFE GYM DD','DIRECT_DEBIT','INR'),
('demo','2024-11-05',119.00,'SPOTIFY PREMIUM','RECURRING CHARGE - SPOTIFY PREMIUM','CARD','INR'),
('demo','2024-11-16',499.00,'NETFLIX.COM/BILL','RECURRING CHARGE - NETFLIX.COM/BILL','CARD','INR'),
('demo','2024-11-18',199.00,'AUDIBLE.IN*MEMBER','RECURRING CHARGE - AUDIBLE.IN*MEMBER','CARD','INR'),
('demo','2024-11-19',299.00,'HOTSTAR*PREMIUM','RECURRING CHARGE - HOTSTAR*PREMIUM','CARD','INR'),
('demo','2024-11-23',75.00,'APPLE.COM/BILL','RECURRING CHARGE - APPLE.COM/BILL','CARD','INR'),
('demo','2024-12-03',119.00,'SPOTIFY PREMIUM','RECURRING CHARGE - SPOTIFY PREMIUM','CARD','INR'),
('demo','2024-12-03',149.00,'GOOGLE*YOUTUBE PREM','RECURRING CHARGE - GOOGLE*YOUTUBE PREM','CARD','INR'),
('demo','2024-12-03',999.00,'FITLIFE GYM DD','DIRECT DEBIT - FITLIFE GYM DD','DIRECT_DEBIT','INR'),
('demo','2024-12-13',499.00,'NETFLIX.COM/BILL','RECURRING CHARGE - NETFLIX.COM/BILL','CARD','INR'),
('demo','2024-12-13',189.40,'SWIGGY*DELIVERY','UPI AUTOPAY - SWIGGY*DELIVERY','UPI','INR'),
('demo','2024-12-18',299.00,'HOTSTAR*PREMIUM','RECURRING CHARGE - HOTSTAR*PREMIUM','CARD','INR'),
('demo','2024-12-18',199.00,'AUDIBLE.IN*MEMBER','RECURRING CHARGE - AUDIBLE.IN*MEMBER','CARD','INR'),
('demo','2024-12-23',75.00,'APPLE.COM/BILL','RECURRING CHARGE - APPLE.COM/BILL','CARD','INR'),
('demo','2025-01-01',149.00,'GOOGLE*YOUTUBE PREM','RECURRING CHARGE - GOOGLE*YOUTUBE PREM','CARD','INR'),
('demo','2025-01-02',999.00,'FITLIFE GYM DD','DIRECT DEBIT - FITLIFE GYM DD','DIRECT_DEBIT','INR'),
('demo','2025-01-03',119.00,'SPOTIFY PREMIUM','RECURRING CHARGE - SPOTIFY PREMIUM','CARD','INR'),
('demo','2025-01-12',1499.00,'AMAZON PRIME*MEMBER','UPI AUTOPAY - AMAZON PRIME*MEMBER','UPI','INR'),
('demo','2025-01-13',499.00,'NETFLIX.COM/BILL','RECURRING CHARGE - NETFLIX.COM/BILL','CARD','INR'),
('demo','2025-01-17',199.00,'AUDIBLE.IN*MEMBER','RECURRING CHARGE - AUDIBLE.IN*MEMBER','CARD','INR'),
('demo','2025-01-21',299.00,'HOTSTAR*PREMIUM','RECURRING CHARGE - HOTSTAR*PREMIUM','CARD','INR'),
('demo','2025-01-27',75.00,'APPLE.COM/BILL','RECURRING CHARGE - APPLE.COM/BILL','CARD','INR'),
('demo','2025-02-02',149.00,'GOOGLE*YOUTUBE PREM','RECURRING CHARGE - GOOGLE*YOUTUBE PREM','CARD','INR'),
('demo','2025-02-06',119.00,'SPOTIFY PREMIUM','RECURRING CHARGE - SPOTIFY PREMIUM','CARD','INR'),
('demo','2025-02-12',4362.81,'AMAZON.IN*PURCHASE','RECURRING CHARGE - AMAZON.IN*PURCHASE','CARD','INR'),
('demo','2025-02-13',499.00,'NETFLIX.COM/BILL','RECURRING CHARGE - NETFLIX.COM/BILL','CARD','INR'),
('demo','2025-02-16',199.00,'AUDIBLE.IN*MEMBER','RECURRING CHARGE - AUDIBLE.IN*MEMBER','CARD','INR'),
('demo','2025-02-20',299.00,'HOTSTAR*PREMIUM','RECURRING CHARGE - HOTSTAR*PREMIUM','CARD','INR'),
('demo','2025-02-24',325.49,'ZOMATO*ORDER','UPI AUTOPAY - ZOMATO*ORDER','UPI','INR'),
('demo','2025-02-25',75.00,'APPLE.COM/BILL','RECURRING CHARGE - APPLE.COM/BILL','CARD','INR'),
('demo','2025-03-01',189.00,'GOOGLE*YOUTUBE PREM','RECURRING CHARGE - GOOGLE*YOUTUBE PREM','CARD','INR'),
('demo','2025-03-01',999.00,'FITLIFE GYM DD','DIRECT DEBIT - FITLIFE GYM DD','DIRECT_DEBIT','INR'),
('demo','2025-03-03',119.00,'SPOTIFY PREMIUM','RECURRING CHARGE - SPOTIFY PREMIUM','CARD','INR'),
('demo','2025-03-08',334.58,'PAYTM MOVIE','UPI AUTOPAY - PAYTM MOVIE','UPI','INR'),
('demo','2025-03-14',499.00,'NETFLIX.COM/BILL','RECURRING CHARGE - NETFLIX.COM/BILL','CARD','INR'),
('demo','2025-03-17',199.00,'AUDIBLE.IN*MEMBER','RECURRING CHARGE - AUDIBLE.IN*MEMBER','CARD','INR'),
('demo','2025-03-21',299.00,'HOTSTAR*PREMIUM','RECURRING CHARGE - HOTSTAR*PREMIUM','CARD','INR'),
('demo','2025-03-25',75.00,'APPLE.COM/BILL','RECURRING CHARGE - APPLE.COM/BILL','CARD','INR'),
('demo','2025-04-01',999.00,'FITLIFE GYM DD','DIRECT DEBIT - FITLIFE GYM DD','DIRECT_DEBIT','INR'),
('demo','2025-04-03',189.00,'GOOGLE*YOUTUBE PREM','RECURRING CHARGE - GOOGLE*YOUTUBE PREM','CARD','INR'),
('demo','2025-04-05',119.00,'SPOTIFY PREMIUM','RECURRING CHARGE - SPOTIFY PREMIUM','CARD','INR'),
('demo','2025-04-10',17999.00,'LINKEDIN*PREMIUM','RECURRING CHARGE - LINKEDIN*PREMIUM','CARD','INR'),
('demo','2025-04-14',499.00,'NETFLIX.COM/BILL','RECURRING CHARGE - NETFLIX.COM/BILL','CARD','INR'),
('demo','2025-04-20',299.00,'HOTSTAR*PREMIUM','RECURRING CHARGE - HOTSTAR*PREMIUM','CARD','INR'),
('demo','2025-04-20',199.00,'AUDIBLE.IN*MEMBER','RECURRING CHARGE - AUDIBLE.IN*MEMBER','CARD','INR'),
('demo','2025-04-23',75.00,'APPLE.COM/BILL','RECURRING CHARGE - APPLE.COM/BILL','CARD','INR'),
('demo','2025-04-29',761.74,'PHARMEASY ORDER','UPI AUTOPAY - PHARMEASY ORDER','UPI','INR'),
('demo','2025-05-01',999.00,'FITLIFE GYM DD','DIRECT DEBIT - FITLIFE GYM DD','DIRECT_DEBIT','INR'),
('demo','2025-05-04',189.00,'GOOGLE*YOUTUBE PREM','RECURRING CHARGE - GOOGLE*YOUTUBE PREM','CARD','INR'),
('demo','2025-05-05',119.00,'SPOTIFY PREMIUM','RECURRING CHARGE - SPOTIFY PREMIUM','CARD','INR'),
('demo','2025-05-16',199.00,'AUDIBLE.IN*MEMBER','RECURRING CHARGE - AUDIBLE.IN*MEMBER','CARD','INR'),
('demo','2025-05-17',499.00,'NETFLIX.COM/BILL','RECURRING CHARGE - NETFLIX.COM/BILL','CARD','INR'),
('demo','2025-05-19',299.00,'HOTSTAR*PREMIUM','RECURRING CHARGE - HOTSTAR*PREMIUM','CARD','INR'),
('demo','2025-05-25',75.00,'APPLE.COM/BILL','RECURRING CHARGE - APPLE.COM/BILL','CARD','INR'),
('demo','2025-06-03',189.00,'GOOGLE*YOUTUBE PREM','RECURRING CHARGE - GOOGLE*YOUTUBE PREM','CARD','INR'),
('demo','2025-06-03',999.00,'FITLIFE GYM DD','DIRECT DEBIT - FITLIFE GYM DD','DIRECT_DEBIT','INR'),
('demo','2025-06-07',119.00,'SPOTIFY PREMIUM','RECURRING CHARGE - SPOTIFY PREMIUM','CARD','INR'),
('demo','2025-06-13',1758.11,'DMART RETAIL','RECURRING CHARGE - DMart RETAIL','CARD','INR'),
('demo','2025-06-16',149.00,'AUDIBLE.IN*MEMBER','RECURRING CHARGE - AUDIBLE.IN*MEMBER','CARD','INR'),
('demo','2025-06-17',499.00,'NETFLIX.COM/BILL','RECURRING CHARGE - NETFLIX.COM/BILL','CARD','INR'),
('demo','2025-06-20',299.00,'HOTSTAR*PREMIUM','RECURRING CHARGE - HOTSTAR*PREMIUM','CARD','INR'),
('demo','2025-06-24',249.54,'PAYTM MOVIE','UPI AUTOPAY - PAYTM MOVIE','UPI','INR'),
('demo','2025-06-26',75.00,'APPLE.COM/BILL','RECURRING CHARGE - APPLE.COM/BILL','CARD','INR'),
('demo','2025-07-01',189.00,'GOOGLE*YOUTUBE PREM','RECURRING CHARGE - GOOGLE*YOUTUBE PREM','CARD','INR'),
('demo','2025-07-02',999.00,'FITLIFE GYM DD','DIRECT DEBIT - FITLIFE GYM DD','DIRECT_DEBIT','INR'),
('demo','2025-07-05',119.00,'SPOTIFY PREMIUM','RECURRING CHARGE - SPOTIFY PREMIUM','CARD','INR'),
('demo','2025-07-13',649.00,'NETFLIX.COM/BILL','RECURRING CHARGE - NETFLIX.COM/BILL','CARD','INR'),
('demo','2025-07-19',149.00,'AUDIBLE.IN*MEMBER','RECURRING CHARGE - AUDIBLE.IN*MEMBER','CARD','INR'),
('demo','2025-07-20',299.00,'HOTSTAR*PREMIUM','RECURRING CHARGE - HOTSTAR*PREMIUM','CARD','INR'),
('demo','2025-07-24',75.00,'APPLE.COM/BILL','RECURRING CHARGE - APPLE.COM/BILL','CARD','INR'),
('demo','2025-08-01',999.00,'FITLIFE GYM DD','DIRECT DEBIT - FITLIFE GYM DD','DIRECT_DEBIT','INR'),
('demo','2025-08-02',189.00,'GOOGLE*YOUTUBE PREM','RECURRING CHARGE - GOOGLE*YOUTUBE PREM','CARD','INR'),
('demo','2025-08-03',119.00,'SPOTIFY PREMIUM','RECURRING CHARGE - SPOTIFY PREMIUM','CARD','INR'),
('demo','2025-08-07',239.69,'PAYTM MOVIE','UPI AUTOPAY - PAYTM MOVIE','UPI','INR'),
('demo','2025-08-08',149.00,'ZOMATO*GOLD','UPI AUTOPAY - ZOMATO*GOLD','UPI','INR'),
('demo','2025-08-16',149.00,'AUDIBLE.IN*MEMBER','RECURRING CHARGE - AUDIBLE.IN*MEMBER','CARD','INR'),
('demo','2025-08-17',649.00,'NETFLIX.COM/BILL','RECURRING CHARGE - NETFLIX.COM/BILL','CARD','INR'),
('demo','2025-08-19',299.00,'HOTSTAR*PREMIUM','RECURRING CHARGE - HOTSTAR*PREMIUM','CARD','INR'),
('demo','2025-08-25',369.76,'SWIGGY*DELIVERY','UPI AUTOPAY - SWIGGY*DELIVERY','UPI','INR'),
('demo','2025-08-26',75.00,'APPLE.COM/BILL','RECURRING CHARGE - APPLE.COM/BILL','CARD','INR'),
('demo','2025-09-01',999.00,'FITLIFE GYM DD','DIRECT DEBIT - FITLIFE GYM DD','DIRECT_DEBIT','INR'),
('demo','2025-09-05',189.00,'GOOGLE*YOUTUBE PREM','RECURRING CHARGE - GOOGLE*YOUTUBE PREM','CARD','INR'),
('demo','2025-09-06',119.00,'SPOTIFY PREMIUM','RECURRING CHARGE - SPOTIFY PREMIUM','CARD','INR'),
('demo','2025-09-10',149.00,'ZOMATO*GOLD','UPI AUTOPAY - ZOMATO*GOLD','UPI','INR'),
('demo','2025-09-14',649.00,'NETFLIX.COM/BILL','RECURRING CHARGE - NETFLIX.COM/BILL','CARD','INR'),
('demo','2025-09-20',299.00,'HOTSTAR*PREMIUM','RECURRING CHARGE - HOTSTAR*PREMIUM','CARD','INR'),
('demo','2025-09-20',149.00,'AUDIBLE.IN*MEMBER','RECURRING CHARGE - AUDIBLE.IN*MEMBER','CARD','INR'),
('demo','2025-09-23',75.00,'APPLE.COM/BILL','RECURRING CHARGE - APPLE.COM/BILL','CARD','INR'),
('demo','2025-10-01',999.00,'FITLIFE GYM DD','DIRECT DEBIT - FITLIFE GYM DD','DIRECT_DEBIT','INR'),
('demo','2025-10-03',189.00,'GOOGLE*YOUTUBE PREM','RECURRING CHARGE - GOOGLE*YOUTUBE PREM','CARD','INR'),
('demo','2025-10-07',119.00,'SPOTIFY PREMIUM','RECURRING CHARGE - SPOTIFY PREMIUM','CARD','INR'),
('demo','2025-10-08',363.28,'BIGBASKET ORDER','UPI AUTOPAY - BIGBASKET ORDER','UPI','INR'),
('demo','2025-10-10',149.00,'ZOMATO*GOLD','UPI AUTOPAY - ZOMATO*GOLD','UPI','INR'),
('demo','2025-10-17',649.00,'NETFLIX.COM/BILL','RECURRING CHARGE - NETFLIX.COM/BILL','CARD','INR'),
('demo','2025-10-17',149.00,'AUDIBLE.IN*MEMBER','RECURRING CHARGE - AUDIBLE.IN*MEMBER','CARD','INR'),
('demo','2025-10-25',75.00,'APPLE.COM/BILL','RECURRING CHARGE - APPLE.COM/BILL','CARD','INR'),
('demo','2025-11-01',999.00,'FITLIFE GYM DD','DIRECT DEBIT - FITLIFE GYM DD','DIRECT_DEBIT','INR'),
('demo','2025-11-02',189.00,'GOOGLE*YOUTUBE PREM','RECURRING CHARGE - GOOGLE*YOUTUBE PREM','CARD','INR'),
('demo','2025-11-03',119.00,'SPOTIFY PREMIUM','RECURRING CHARGE - SPOTIFY PREMIUM','CARD','INR'),
('demo','2025-11-07',149.00,'ZOMATO*GOLD','UPI AUTOPAY - ZOMATO*GOLD','UPI','INR'),
('demo','2025-11-16',649.00,'NETFLIX.COM/BILL','RECURRING CHARGE - NETFLIX.COM/BILL','CARD','INR'),
('demo','2025-11-17',149.00,'AUDIBLE.IN*MEMBER','RECURRING CHARGE - AUDIBLE.IN*MEMBER','CARD','INR'),
('demo','2025-11-27',75.00,'APPLE.COM/BILL','RECURRING CHARGE - APPLE.COM/BILL','CARD','INR'),
('demo','2025-12-01',999.00,'FITLIFE GYM DD','DIRECT DEBIT - FITLIFE GYM DD','DIRECT_DEBIT','INR'),
('demo','2025-12-04',189.00,'GOOGLE*YOUTUBE PREM','RECURRING CHARGE - GOOGLE*YOUTUBE PREM','CARD','INR'),
('demo','2025-12-06',119.00,'SPOTIFY PREMIUM','RECURRING CHARGE - SPOTIFY PREMIUM','CARD','INR'),
('demo','2025-12-07',149.00,'ZOMATO*GOLD','UPI AUTOPAY - ZOMATO*GOLD','UPI','INR'),
('demo','2025-12-07',426.58,'PAYTM MOVIE','UPI AUTOPAY - PAYTM MOVIE','UPI','INR'),
('demo','2025-12-14',649.00,'NETFLIX.COM/BILL','RECURRING CHARGE - NETFLIX.COM/BILL','CARD','INR'),
('demo','2025-12-19',149.00,'AUDIBLE.IN*MEMBER','RECURRING CHARGE - AUDIBLE.IN*MEMBER','CARD','INR'),
('demo','2025-12-24',75.00,'APPLE.COM/BILL','RECURRING CHARGE - APPLE.COM/BILL','CARD','INR');

-- ── SUBSCRIPTIONS (IDs will be 1-10 sequentially) ────────────────────────────
INSERT INTO subscriptions (user_id, name, merchant, category, current_amount, frequency, status, first_seen, last_seen, next_due_date, avg_amount) VALUES
('demo','Netflix','NETFLIX.COM/BILL','ENTERTAINMENT',649.00,'MONTHLY','ACTIVE','2024-01-13','2025-12-14','2026-01-13',549.17),
('demo','Spotify','SPOTIFY PREMIUM','MUSIC',119.00,'MONTHLY','ACTIVE','2024-01-06','2025-12-06','2026-01-06',119.00),
('demo','Amazon Prime','AMAZON PRIME*MEMBER','SHOPPING',1499.00,'YEARLY','ACTIVE','2024-01-08','2025-01-12','2026-01-12',1499.00),
('demo','Disney+ Hotstar','HOTSTAR*PREMIUM','ENTERTAINMENT',299.00,'MONTHLY','CANCELLED','2024-01-20','2025-09-20',NULL,299.00),
('demo','YouTube Premium','GOOGLE*YOUTUBE PREM','ENTERTAINMENT',189.00,'MONTHLY','ACTIVE','2024-01-01','2025-12-04','2026-01-04',169.00),
('demo','FitLife Gym','FITLIFE GYM DD','FITNESS',999.00,'MONTHLY','ACTIVE','2024-01-02','2025-12-01','2026-01-01',999.00),
('demo','iCloud','APPLE.COM/BILL','CLOUD',75.00,'MONTHLY','ACTIVE','2024-01-26','2025-12-24','2026-01-24',75.00),
('demo','LinkedIn Premium','LINKEDIN*PREMIUM','PROFESSIONAL',17999.00,'YEARLY','ACTIVE','2024-04-14','2025-04-10','2026-04-10',17999.00),
('demo','Zomato Gold','ZOMATO*GOLD','SHOPPING',149.00,'MONTHLY','ACTIVE','2025-08-08','2025-12-07','2026-01-07',149.00),
('demo','Audible','AUDIBLE.IN*MEMBER','MUSIC',149.00,'MONTHLY','ACTIVE','2024-01-18','2025-12-19','2026-01-19',174.00);

-- ── SUBSCRIPTION EVENTS — Netflix (sub id=1): price change 499→649 Jul 2025 ──
INSERT INTO subscription_events (subscription_id, user_id, date, amount, source_transaction_id, anomaly_flag, amount_delta, amount_delta_pct) VALUES
(1,'demo','2024-01-13',499.00,5,false,0.00,0.00),
(1,'demo','2024-02-13',499.00,13,false,0.00,0.00),
(1,'demo','2024-03-15',499.00,21,false,0.00,0.00),
(1,'demo','2024-04-14',499.00,29,false,0.00,0.00),
(1,'demo','2024-05-14',499.00,37,false,0.00,0.00),
(1,'demo','2024-06-14',499.00,44,false,0.00,0.00),
(1,'demo','2024-07-13',499.00,51,false,0.00,0.00),
(1,'demo','2024-08-17',499.00,62,false,0.00,0.00),
(1,'demo','2024-09-13',499.00,71,false,0.00,0.00),
(1,'demo','2024-10-17',499.00,79,false,0.00,0.00),
(1,'demo','2024-11-16',499.00,85,false,0.00,0.00),
(1,'demo','2024-12-13',499.00,92,false,0.00,0.00),
(1,'demo','2025-01-13',499.00,101,false,0.00,0.00),
(1,'demo','2025-02-13',499.00,108,false,0.00,0.00),
(1,'demo','2025-03-14',499.00,117,false,0.00,0.00),
(1,'demo','2025-04-14',499.00,125,false,0.00,0.00),
(1,'demo','2025-05-17',499.00,134,false,0.00,0.00),
(1,'demo','2025-06-17',499.00,142,false,0.00,0.00),
(1,'demo','2025-07-13',649.00,149,true,150.00,30.06),
(1,'demo','2025-08-17',649.00,159,false,0.00,0.00),
(1,'demo','2025-09-14',649.00,167,false,0.00,0.00),
(1,'demo','2025-10-17',649.00,176,false,0.00,0.00),
(1,'demo','2025-11-16',649.00,183,false,0.00,0.00),
(1,'demo','2025-12-14',649.00,191,false,0.00,0.00);

-- ── SUBSCRIPTION EVENTS — Spotify (sub id=2) ─────────────────────────────────
INSERT INTO subscription_events (subscription_id, user_id, date, amount, source_transaction_id, anomaly_flag, amount_delta, amount_delta_pct) VALUES
(2,'demo','2024-01-06',119.00,3,false,0.00,0.00),
(2,'demo','2024-02-07',119.00,12,false,0.00,0.00),
(2,'demo','2024-03-05',119.00,20,false,0.00,0.00),
(2,'demo','2024-04-03',119.00,26,false,0.00,0.00),
(2,'demo','2024-05-04',119.00,36,false,0.00,0.00),
(2,'demo','2024-06-06',119.00,43,false,0.00,0.00),
(2,'demo','2024-07-05',119.00,50,false,0.00,0.00),
(2,'demo','2024-08-05',119.00,59,false,0.00,0.00),
(2,'demo','2024-09-04',119.00,70,false,0.00,0.00),
(2,'demo','2024-10-04',119.00,76,false,0.00,0.00),
(2,'demo','2024-11-05',119.00,84,false,0.00,0.00),
(2,'demo','2024-12-03',119.00,89,false,0.00,0.00),
(2,'demo','2025-01-03',119.00,99,false,0.00,0.00),
(2,'demo','2025-02-06',119.00,106,false,0.00,0.00),
(2,'demo','2025-03-03',119.00,115,false,0.00,0.00),
(2,'demo','2025-04-05',119.00,123,false,0.00,0.00),
(2,'demo','2025-05-05',119.00,132,false,0.00,0.00),
(2,'demo','2025-06-07',119.00,139,false,0.00,0.00),
(2,'demo','2025-07-05',119.00,148,false,0.00,0.00),
(2,'demo','2025-08-03',119.00,155,false,0.00,0.00),
(2,'demo','2025-09-06',119.00,165,false,0.00,0.00),
(2,'demo','2025-10-07',119.00,173,false,0.00,0.00),
(2,'demo','2025-11-03',119.00,181,false,0.00,0.00),
(2,'demo','2025-12-06',119.00,188,false,0.00,0.00);

-- ── SUBSCRIPTION EVENTS — YouTube Premium (sub id=5): price change 149→189 ───
INSERT INTO subscription_events (subscription_id, user_id, date, amount, source_transaction_id, anomaly_flag, amount_delta, amount_delta_pct) VALUES
(5,'demo','2024-01-01',149.00,1,false,0.00,0.00),
(5,'demo','2024-02-05',149.00,11,false,0.00,0.00),
(5,'demo','2024-03-02',149.00,19,false,0.00,0.00),
(5,'demo','2024-04-05',149.00,27,false,0.00,0.00),
(5,'demo','2024-05-02',149.00,35,false,0.00,0.00),
(5,'demo','2024-06-02',149.00,42,false,0.00,0.00),
(5,'demo','2024-07-04',149.00,49,false,0.00,0.00),
(5,'demo','2024-08-04',149.00,57,false,0.00,0.00),
(5,'demo','2024-09-03',149.00,69,false,0.00,0.00),
(5,'demo','2024-10-05',149.00,77,false,0.00,0.00),
(5,'demo','2024-11-02',149.00,82,false,0.00,0.00),
(5,'demo','2024-12-03',149.00,90,false,0.00,0.00),
(5,'demo','2025-01-01',149.00,97,false,0.00,0.00),
(5,'demo','2025-02-02',149.00,105,false,0.00,0.00),
(5,'demo','2025-03-01',189.00,113,true,40.00,26.85),
(5,'demo','2025-04-03',189.00,122,false,0.00,0.00),
(5,'demo','2025-05-04',189.00,131,false,0.00,0.00),
(5,'demo','2025-06-03',189.00,137,false,0.00,0.00),
(5,'demo','2025-07-01',189.00,146,false,0.00,0.00),
(5,'demo','2025-08-02',189.00,154,false,0.00,0.00),
(5,'demo','2025-09-05',189.00,164,false,0.00,0.00),
(5,'demo','2025-10-03',189.00,172,false,0.00,0.00),
(5,'demo','2025-11-02',189.00,180,false,0.00,0.00),
(5,'demo','2025-12-04',189.00,187,false,0.00,0.00);

-- ── SUBSCRIPTION EVENTS — FitLife Gym (sub id=6) ─────────────────────────────
INSERT INTO subscription_events (subscription_id, user_id, date, amount, source_transaction_id, anomaly_flag, amount_delta, amount_delta_pct) VALUES
(6,'demo','2024-01-02',999.00,2,false,0.00,0.00),
(6,'demo','2024-02-02',999.00,9,false,0.00,0.00),
(6,'demo','2024-03-01',999.00,18,false,0.00,0.00),
(6,'demo','2024-04-01',999.00,25,false,0.00,0.00),
(6,'demo','2024-05-01',999.00,34,false,0.00,0.00),
(6,'demo','2024-06-01',999.00,41,false,0.00,0.00),
(6,'demo','2024-07-03',999.00,48,false,0.00,0.00),
(6,'demo','2024-08-03',999.00,56,false,0.00,0.00),
(6,'demo','2024-09-01',999.00,68,false,0.00,0.00),
(6,'demo','2024-10-03',999.00,75,false,0.00,0.00),
(6,'demo','2024-11-02',999.00,83,false,0.00,0.00),
(6,'demo','2024-12-03',999.00,91,false,0.00,0.00),
(6,'demo','2025-01-02',999.00,98,false,0.00,0.00),
(6,'demo','2025-03-01',999.00,114,false,0.00,0.00),
(6,'demo','2025-04-01',999.00,121,false,0.00,0.00),
(6,'demo','2025-05-01',999.00,130,false,0.00,0.00),
(6,'demo','2025-06-03',999.00,138,false,0.00,0.00),
(6,'demo','2025-07-02',999.00,147,false,0.00,0.00),
(6,'demo','2025-08-01',999.00,153,false,0.00,0.00),
(6,'demo','2025-09-01',999.00,163,false,0.00,0.00),
(6,'demo','2025-10-01',999.00,171,false,0.00,0.00),
(6,'demo','2025-11-01',999.00,179,false,0.00,0.00),
(6,'demo','2025-12-01',999.00,186,false,0.00,0.00);

-- ── SUBSCRIPTION EVENTS — iCloud (sub id=7) ──────────────────────────────────
INSERT INTO subscription_events (subscription_id, user_id, date, amount, source_transaction_id, anomaly_flag, amount_delta, amount_delta_pct) VALUES
(7,'demo','2024-01-26',75.00,8,false,0.00,0.00),
(7,'demo','2024-02-27',75.00,17,false,0.00,0.00),
(7,'demo','2024-03-23',75.00,24,false,0.00,0.00),
(7,'demo','2024-04-26',75.00,33,false,0.00,0.00),
(7,'demo','2024-05-26',75.00,40,false,0.00,0.00),
(7,'demo','2024-06-27',75.00,47,false,0.00,0.00),
(7,'demo','2024-07-26',75.00,55,false,0.00,0.00),
(7,'demo','2024-08-27',75.00,66,false,0.00,0.00),
(7,'demo','2024-09-25',75.00,74,false,0.00,0.00),
(7,'demo','2024-10-27',75.00,81,false,0.00,0.00),
(7,'demo','2024-11-23',75.00,88,false,0.00,0.00),
(7,'demo','2024-12-23',75.00,96,false,0.00,0.00),
(7,'demo','2025-01-27',75.00,104,false,0.00,0.00),
(7,'demo','2025-02-25',75.00,112,false,0.00,0.00),
(7,'demo','2025-03-25',75.00,120,false,0.00,0.00),
(7,'demo','2025-04-23',75.00,128,false,0.00,0.00),
(7,'demo','2025-05-25',75.00,136,false,0.00,0.00),
(7,'demo','2025-06-26',75.00,145,false,0.00,0.00),
(7,'demo','2025-07-24',75.00,152,false,0.00,0.00),
(7,'demo','2025-08-26',75.00,162,false,0.00,0.00),
(7,'demo','2025-09-23',75.00,170,false,0.00,0.00),
(7,'demo','2025-10-25',75.00,178,false,0.00,0.00),
(7,'demo','2025-11-27',75.00,185,false,0.00,0.00),
(7,'demo','2025-12-24',75.00,193,false,0.00,0.00);

-- ── USERS ────────────────────────────────────────────────────────────────────
INSERT INTO users (id, name, email, created_at, last_login, upload_count) VALUES
('demo','Demo User','demo@subscrub.app','2024-01-01T00:00:00','2025-12-28T10:30:00',1);

-- ── KNOWN SERVICES (reference lookup table) ──────────────────────────────────
INSERT INTO known_services (service_name, merchant_pattern, category, typical_amount_min, typical_amount_max, frequency, website, is_active) VALUES
('Netflix','NETFLIX.COM/BILL','ENTERTAINMENT',149.00,799.00,'MONTHLY','https://netflix.com',true),
('Spotify','SPOTIFY PREMIUM','MUSIC',59.00,179.00,'MONTHLY','https://spotify.com',true),
('Amazon Prime','AMAZON PRIME*MEMBER','SHOPPING',999.00,1499.00,'YEARLY','https://amazon.in/prime',true),
('Disney+ Hotstar','HOTSTAR*PREMIUM','ENTERTAINMENT',149.00,499.00,'MONTHLY','https://hotstar.com',true),
('YouTube Premium','GOOGLE*YOUTUBE PREM','ENTERTAINMENT',129.00,189.00,'MONTHLY','https://youtube.com/premium',true),
('FitLife Gym','FITLIFE GYM DD','FITNESS',499.00,1999.00,'MONTHLY','https://fitlifegym.in',true),
('iCloud','APPLE.COM/BILL','CLOUD',75.00,749.00,'MONTHLY','https://icloud.com',true),
('LinkedIn Premium','LINKEDIN*PREMIUM','PROFESSIONAL',7999.00,17999.00,'YEARLY','https://linkedin.com/premium',true),
('Zomato Gold','ZOMATO*GOLD','SHOPPING',149.00,299.00,'MONTHLY','https://zomato.com/gold',true),
('Audible','AUDIBLE.IN*MEMBER','MUSIC',149.00,299.00,'MONTHLY','https://audible.in',true),
('Swiggy One','SWIGGY*ONE','SHOPPING',99.00,199.00,'MONTHLY','https://swiggy.com',true),
('Google One','GOOGLE*STORAGE','CLOUD',130.00,650.00,'MONTHLY','https://one.google.com',true),
('Apple Music','APPLE.COM/MUSIC','MUSIC',99.00,149.00,'MONTHLY','https://music.apple.com',true),
('Coursera Plus','COURSERA*PLUS','PROFESSIONAL',3499.00,4999.00,'MONTHLY','https://coursera.org',true),
('Cult.fit','CULTFIT*MEMBER','FITNESS',599.00,1499.00,'MONTHLY','https://cult.fit',true),
('JioCinema Premium','JIOCINEMA*PREMIUM','ENTERTAINMENT',29.00,149.00,'MONTHLY','https://jiocinema.com',true),
('Dropbox Plus','DROPBOX*PLUS','CLOUD',819.00,819.00,'MONTHLY','https://dropbox.com',true),
('Notion Premium','NOTION*PREMIUM','PROFESSIONAL',640.00,1280.00,'MONTHLY','https://notion.so',true),
('Sony LIV','SONYLIV*PREMIUM','ENTERTAINMENT',299.00,999.00,'YEARLY','https://sonyliv.com',true),
('Zee5','ZEE5*PREMIUM','ENTERTAINMENT',149.00,599.00,'MONTHLY','https://zee5.com',true);

-- ── MONTHLY SUMMARIES (pre-aggregated from subscription_events) ──────────────
INSERT INTO monthly_summaries (user_id, subscription_id, summary_month, total_amount, charge_count, category) VALUES
('demo',1,'2024-01-01',499.00,1,'ENTERTAINMENT'),
('demo',10,'2024-01-01',199.00,1,'MUSIC'),
('demo',2,'2024-01-01',119.00,1,'MUSIC'),
('demo',3,'2024-01-01',1499.00,1,'SHOPPING'),
('demo',4,'2024-01-01',299.00,1,'ENTERTAINMENT'),
('demo',5,'2024-01-01',149.00,1,'ENTERTAINMENT'),
('demo',6,'2024-01-01',999.00,1,'FITNESS'),
('demo',7,'2024-01-01',75.00,1,'CLOUD'),
('demo',1,'2024-02-01',499.00,1,'ENTERTAINMENT'),
('demo',10,'2024-02-01',199.00,1,'MUSIC'),
('demo',2,'2024-02-01',119.00,1,'MUSIC'),
('demo',4,'2024-02-01',299.00,1,'ENTERTAINMENT'),
('demo',5,'2024-02-01',149.00,1,'ENTERTAINMENT'),
('demo',6,'2024-02-01',999.00,1,'FITNESS'),
('demo',7,'2024-02-01',75.00,1,'CLOUD'),
('demo',1,'2024-03-01',499.00,1,'ENTERTAINMENT'),
('demo',10,'2024-03-01',199.00,1,'MUSIC'),
('demo',2,'2024-03-01',119.00,1,'MUSIC'),
('demo',4,'2024-03-01',299.00,1,'ENTERTAINMENT'),
('demo',5,'2024-03-01',149.00,1,'ENTERTAINMENT'),
('demo',6,'2024-03-01',999.00,1,'FITNESS'),
('demo',7,'2024-03-01',75.00,1,'CLOUD'),
('demo',1,'2024-04-01',499.00,1,'ENTERTAINMENT'),
('demo',10,'2024-04-01',199.00,1,'MUSIC'),
('demo',2,'2024-04-01',119.00,1,'MUSIC'),
('demo',4,'2024-04-01',299.00,1,'ENTERTAINMENT'),
('demo',5,'2024-04-01',149.00,1,'ENTERTAINMENT'),
('demo',6,'2024-04-01',999.00,1,'FITNESS'),
('demo',7,'2024-04-01',75.00,1,'CLOUD'),
('demo',8,'2024-04-01',17999.00,1,'PROFESSIONAL'),
('demo',1,'2024-05-01',499.00,1,'ENTERTAINMENT'),
('demo',10,'2024-05-01',199.00,1,'MUSIC'),
('demo',2,'2024-05-01',119.00,1,'MUSIC'),
('demo',4,'2024-05-01',299.00,1,'ENTERTAINMENT'),
('demo',5,'2024-05-01',149.00,1,'ENTERTAINMENT'),
('demo',6,'2024-05-01',999.00,1,'FITNESS'),
('demo',7,'2024-05-01',75.00,1,'CLOUD'),
('demo',1,'2024-06-01',499.00,1,'ENTERTAINMENT'),
('demo',10,'2024-06-01',199.00,1,'MUSIC'),
('demo',2,'2024-06-01',119.00,1,'MUSIC'),
('demo',4,'2024-06-01',299.00,1,'ENTERTAINMENT'),
('demo',5,'2024-06-01',149.00,1,'ENTERTAINMENT'),
('demo',6,'2024-06-01',999.00,1,'FITNESS'),
('demo',7,'2024-06-01',75.00,1,'CLOUD'),
('demo',1,'2024-07-01',499.00,1,'ENTERTAINMENT'),
('demo',10,'2024-07-01',199.00,1,'MUSIC'),
('demo',2,'2024-07-01',119.00,1,'MUSIC'),
('demo',4,'2024-07-01',299.00,1,'ENTERTAINMENT'),
('demo',5,'2024-07-01',149.00,1,'ENTERTAINMENT'),
('demo',6,'2024-07-01',999.00,1,'FITNESS'),
('demo',7,'2024-07-01',75.00,1,'CLOUD'),
('demo',1,'2024-08-01',499.00,1,'ENTERTAINMENT'),
('demo',10,'2024-08-01',199.00,1,'MUSIC'),
('demo',2,'2024-08-01',119.00,1,'MUSIC'),
('demo',4,'2024-08-01',299.00,1,'ENTERTAINMENT'),
('demo',5,'2024-08-01',149.00,1,'ENTERTAINMENT'),
('demo',6,'2024-08-01',999.00,1,'FITNESS'),
('demo',7,'2024-08-01',75.00,1,'CLOUD'),
('demo',1,'2024-09-01',499.00,1,'ENTERTAINMENT'),
('demo',10,'2024-09-01',199.00,1,'MUSIC'),
('demo',2,'2024-09-01',119.00,1,'MUSIC'),
('demo',4,'2024-09-01',299.00,1,'ENTERTAINMENT'),
('demo',5,'2024-09-01',149.00,1,'ENTERTAINMENT'),
('demo',6,'2024-09-01',999.00,1,'FITNESS'),
('demo',7,'2024-09-01',75.00,1,'CLOUD'),
('demo',1,'2024-10-01',499.00,1,'ENTERTAINMENT'),
('demo',10,'2024-10-01',199.00,1,'MUSIC'),
('demo',2,'2024-10-01',119.00,1,'MUSIC'),
('demo',4,'2024-10-01',299.00,1,'ENTERTAINMENT'),
('demo',5,'2024-10-01',149.00,1,'ENTERTAINMENT'),
('demo',6,'2024-10-01',999.00,1,'FITNESS'),
('demo',7,'2024-10-01',75.00,1,'CLOUD'),
('demo',1,'2024-11-01',499.00,1,'ENTERTAINMENT'),
('demo',10,'2024-11-01',199.00,1,'MUSIC'),
('demo',2,'2024-11-01',119.00,1,'MUSIC'),
('demo',4,'2024-11-01',299.00,1,'ENTERTAINMENT'),
('demo',5,'2024-11-01',149.00,1,'ENTERTAINMENT'),
('demo',6,'2024-11-01',999.00,1,'FITNESS'),
('demo',7,'2024-11-01',75.00,1,'CLOUD'),
('demo',1,'2024-12-01',499.00,1,'ENTERTAINMENT'),
('demo',10,'2024-12-01',199.00,1,'MUSIC'),
('demo',2,'2024-12-01',119.00,1,'MUSIC'),
('demo',4,'2024-12-01',299.00,1,'ENTERTAINMENT'),
('demo',5,'2024-12-01',149.00,1,'ENTERTAINMENT'),
('demo',6,'2024-12-01',999.00,1,'FITNESS'),
('demo',7,'2024-12-01',75.00,1,'CLOUD'),
('demo',1,'2025-01-01',499.00,1,'ENTERTAINMENT'),
('demo',10,'2025-01-01',199.00,1,'MUSIC'),
('demo',2,'2025-01-01',119.00,1,'MUSIC'),
('demo',3,'2025-01-01',1499.00,1,'SHOPPING'),
('demo',4,'2025-01-01',299.00,1,'ENTERTAINMENT'),
('demo',5,'2025-01-01',149.00,1,'ENTERTAINMENT'),
('demo',6,'2025-01-01',999.00,1,'FITNESS'),
('demo',7,'2025-01-01',75.00,1,'CLOUD'),
('demo',1,'2025-02-01',499.00,1,'ENTERTAINMENT'),
('demo',10,'2025-02-01',199.00,1,'MUSIC'),
('demo',2,'2025-02-01',119.00,1,'MUSIC'),
('demo',4,'2025-02-01',299.00,1,'ENTERTAINMENT'),
('demo',5,'2025-02-01',149.00,1,'ENTERTAINMENT'),
('demo',7,'2025-02-01',75.00,1,'CLOUD'),
('demo',1,'2025-03-01',499.00,1,'ENTERTAINMENT'),
('demo',10,'2025-03-01',199.00,1,'MUSIC'),
('demo',2,'2025-03-01',119.00,1,'MUSIC'),
('demo',4,'2025-03-01',299.00,1,'ENTERTAINMENT'),
('demo',5,'2025-03-01',189.00,1,'ENTERTAINMENT'),
('demo',6,'2025-03-01',999.00,1,'FITNESS'),
('demo',7,'2025-03-01',75.00,1,'CLOUD'),
('demo',1,'2025-04-01',499.00,1,'ENTERTAINMENT'),
('demo',10,'2025-04-01',199.00,1,'MUSIC'),
('demo',2,'2025-04-01',119.00,1,'MUSIC'),
('demo',4,'2025-04-01',299.00,1,'ENTERTAINMENT'),
('demo',5,'2025-04-01',189.00,1,'ENTERTAINMENT'),
('demo',6,'2025-04-01',999.00,1,'FITNESS'),
('demo',7,'2025-04-01',75.00,1,'CLOUD'),
('demo',8,'2025-04-01',17999.00,1,'PROFESSIONAL'),
('demo',1,'2025-05-01',499.00,1,'ENTERTAINMENT'),
('demo',10,'2025-05-01',199.00,1,'MUSIC'),
('demo',2,'2025-05-01',119.00,1,'MUSIC'),
('demo',4,'2025-05-01',299.00,1,'ENTERTAINMENT'),
('demo',5,'2025-05-01',189.00,1,'ENTERTAINMENT'),
('demo',6,'2025-05-01',999.00,1,'FITNESS'),
('demo',7,'2025-05-01',75.00,1,'CLOUD'),
('demo',1,'2025-06-01',499.00,1,'ENTERTAINMENT'),
('demo',10,'2025-06-01',149.00,1,'MUSIC'),
('demo',2,'2025-06-01',119.00,1,'MUSIC'),
('demo',4,'2025-06-01',299.00,1,'ENTERTAINMENT'),
('demo',5,'2025-06-01',189.00,1,'ENTERTAINMENT'),
('demo',6,'2025-06-01',999.00,1,'FITNESS'),
('demo',7,'2025-06-01',75.00,1,'CLOUD'),
('demo',1,'2025-07-01',649.00,1,'ENTERTAINMENT'),
('demo',10,'2025-07-01',149.00,1,'MUSIC'),
('demo',2,'2025-07-01',119.00,1,'MUSIC'),
('demo',4,'2025-07-01',299.00,1,'ENTERTAINMENT'),
('demo',5,'2025-07-01',189.00,1,'ENTERTAINMENT'),
('demo',6,'2025-07-01',999.00,1,'FITNESS'),
('demo',7,'2025-07-01',75.00,1,'CLOUD'),
('demo',1,'2025-08-01',649.00,1,'ENTERTAINMENT'),
('demo',10,'2025-08-01',149.00,1,'MUSIC'),
('demo',2,'2025-08-01',119.00,1,'MUSIC'),
('demo',4,'2025-08-01',299.00,1,'ENTERTAINMENT'),
('demo',5,'2025-08-01',189.00,1,'ENTERTAINMENT'),
('demo',6,'2025-08-01',999.00,1,'FITNESS'),
('demo',7,'2025-08-01',75.00,1,'CLOUD'),
('demo',9,'2025-08-01',149.00,1,'SHOPPING'),
('demo',1,'2025-09-01',649.00,1,'ENTERTAINMENT'),
('demo',10,'2025-09-01',149.00,1,'MUSIC'),
('demo',2,'2025-09-01',119.00,1,'MUSIC'),
('demo',4,'2025-09-01',299.00,1,'ENTERTAINMENT'),
('demo',5,'2025-09-01',189.00,1,'ENTERTAINMENT'),
('demo',6,'2025-09-01',999.00,1,'FITNESS'),
('demo',7,'2025-09-01',75.00,1,'CLOUD'),
('demo',9,'2025-09-01',149.00,1,'SHOPPING'),
('demo',1,'2025-10-01',649.00,1,'ENTERTAINMENT'),
('demo',10,'2025-10-01',149.00,1,'MUSIC'),
('demo',2,'2025-10-01',119.00,1,'MUSIC'),
('demo',5,'2025-10-01',189.00,1,'ENTERTAINMENT'),
('demo',6,'2025-10-01',999.00,1,'FITNESS'),
('demo',7,'2025-10-01',75.00,1,'CLOUD'),
('demo',9,'2025-10-01',149.00,1,'SHOPPING'),
('demo',1,'2025-11-01',649.00,1,'ENTERTAINMENT'),
('demo',10,'2025-11-01',149.00,1,'MUSIC'),
('demo',2,'2025-11-01',119.00,1,'MUSIC'),
('demo',5,'2025-11-01',189.00,1,'ENTERTAINMENT'),
('demo',6,'2025-11-01',999.00,1,'FITNESS'),
('demo',7,'2025-11-01',75.00,1,'CLOUD'),
('demo',9,'2025-11-01',149.00,1,'SHOPPING'),
('demo',1,'2025-12-01',649.00,1,'ENTERTAINMENT'),
('demo',10,'2025-12-01',149.00,1,'MUSIC'),
('demo',2,'2025-12-01',119.00,1,'MUSIC'),
('demo',5,'2025-12-01',189.00,1,'ENTERTAINMENT'),
('demo',6,'2025-12-01',999.00,1,'FITNESS'),
('demo',7,'2025-12-01',75.00,1,'CLOUD'),
('demo',9,'2025-12-01',149.00,1,'SHOPPING');

-- ── QUERY LINEAGE (empty — populated at runtime) ─────────────────────────────
-- No seed data — rows are inserted when users ask NLQ questions
